sentence,lable
 Government Announces Increased Funding for Education Investing in Future Generations  , Positive
 Natural Disaster Relief Efforts Receive International Support and Aid  , Positive
 Company Announces Layoffs Employees Face Uncertain Future  , Negative
 Scientific Breakthrough Offers Hope for Alzheimer's Disease Treatment  , Positive
 Stock Market Surges to All Time High Investors Reap Profits , Positive
Environmentalists Rally Against Proposed Mining Project in Protected Area , Negative
Worldwide Poll Shows Growing Public Support for Renewable Energy , Positive
High profile Celebrity Faces Legal Troubles in Tax Evasion Scandal , Negative
Community Volunteers Provide Assistance to Homeless Population Amid Winter Storm , Positive
Major Cybersecurity Breach Exposes Personal Data of Millions , Negative
 New Start up Company Revolutionizes Transportation with Electric Vehicles  , Positive
 Political Parties Clash Over Controversial Immigration Policy  , Negative
 Innovative Educational Program Empowers Underprivileged Youth  , Positive
 Corporate Merger Threatens Job Security for Thousands of Employees  , Negative
 Groundbreaking Research Brings Hope for Cure to Rare Disease  , Positive
 Environmental Activists Protest Against Polluting Industrial Plant  , Negative
 Entrepreneurial Success Story Inspires Aspiring Business Owners  , Positive
 Government Implements Stricter Measures to Curb Substance Abuse  , Positive
 Financial Market Volatility Sparks Concerns of Impending Recession  , Negative
 Community Garden Project Transforms Abandoned Space into Thriving Oasis  , Positive
 Healthcare System Struggles to Meet Growing Demand Amidst Budget Cuts  , Negative
 World Leaders Unite to Combat Global Climate Change Crisis  , Positive
 Investigation Uncovers Widespread Corruption in Local Government  , Negative
 Breakthrough Treatment Shows Promise in Battling Drug Resistant Bacteria  , Positive
 Economic Inequality Continues to Deepen Alarming Experts  , Negative
 New Tech Start up Secures Record Breaking Funding Round  , Positive
 Massive Data Breach Exposes Vulnerabilities in Cybersecurity Measures  , Negative
 Community Organization Launches Mentoring Program for At Risk Youth  , Positive
 Political Unrest and Protests Erupt in Capital City  , Negative
 Groundbreaking Research Offers Potential Breakthrough in Cancer Treatment  , Positive
 Education System Faces Criticism for Outdated Curriculum  , Negative
 Local Hero Saves Lives in Dramatic Rescue Operation  , Positive
 Rising Unemployment Rates Spark Concerns for Economic Stability  , Negative
 New Affordable Housing Initiative Addresses Homelessness Crisis  , Positive
 Controversial Policy Change Sparks Outrage Among Human Rights Activists  , Negative
 Groundbreaking Discoveries in Space Exploration Inspire Scientific Community  , Positive
 Scandal Rocks Entertainment Industry Affecting High Profile Figures  , Negative
 Community Led Conservation Efforts Save Endangered Species from Extinction  , Positive
 Legal Battle Between Tech Giants Escalates Impacting Innovation  , Negative
 New Social Welfare Program Provides Support for Vulnerable Populations  , Positive
 Economic Stimulus Package Boosts Small Businesses Encourages Growth  , Positive
 Investigation Reveals Corruption Scandal Involving Prominent Politicians  , Negative
 New Medical Breakthrough Offers Hope for Rare Genetic Disorder  , Positive
 Labor Strikes Disrupt Public Services Inconveniencing Citizens  ,Negative
 Philanthropist Donates Millions to Fund Cancer Research Center  , Positive
 Controversial Government Policy Faces Legal Challenges  , Negative
 Local Sports Team Achieves Historic Victory Inspiring Fans  , Positive
 Economic Downturn Leads to Job Losses and Financial Hardship  , Negative
 Community Center Provides Essential Services to Underprivileged Neighborhood  , Positive
 Government Implements Green Energy Incentives Promoting Sustainability  , Positive